Workbook

Sheet KPI Dashboard
B1: Business KPI Dashboard: Customer Churn Analysis
J2: Executive Insights
B3: Total Customers | C3: =COUNTA('Customer Data'!A2:A16) -> 15 | E3: Contract Type | F3: Total Count | G3: Churned Count | H3: Revenue at Risk | J3: 100% of churn occurs in Month-to-Month contracts (7/7 churned customers). Annual and multi-year contracts have 0% churn.
B4: Churned Customers | C4: =COUNTIF('Customer Data'!K2:K16, "Yes") -> 7 | E4: Month-to-Month | F4: =COUNTIF('Customer Data'!H2:H16, E4) -> 7 | G4: =COUNTIFS('Customer Data'!H2:H16, E4, 'Customer Data'!K2:K16, "Yes") -> 7 | H4: =SUMIFS('Customer Data'!F2:F16, 'Customer Data'!H2:H16, E4, 'Customer Data'!K2:K16, "Yes") -> 409.93
B5: Retained Customers | C5: =COUNTIF('Customer Data'!K2:K16, "No") -> 8 | E5: One Year | F5: =COUNTIF('Customer Data'!H2:H16, E5) -> 4 | G5: =COUNTIFS('Customer Data'!H2:H16, E5, 'Customer Data'!K2:K16, "Yes") -> 0 | H5: =SUMIFS('Customer Data'!F2:F16, 'Customer Data'!H2:H16, E5, 'Customer Data'!K2:K16, "Yes") -> 0 | J5: High support ticket volume (3+ tickets) strongly correlates with 100% churn probability.
B6: Churn Rate % | C6: =COUNTIF('Customer Data'!K2:K16, "Yes")/COUNTA('Customer Data'!A2:A16) -> 0.46666667 | E6: Two Year | F6: =COUNTIF('Customer Data'!H2:H16, E6) -> 4 | G6: =COUNTIFS('Customer Data'!H2:H16, E6, 'Customer Data'!K2:K16, "Yes") -> 0 | H6: =SUMIFS('Customer Data'!F2:F16, 'Customer Data'!H2:H16, E6, 'Customer Data'!K2:K16, "Yes") -> 0
B7: Retention Rate % | C7: =COUNTIF('Customer Data'!K2:K16, "No")/COUNTA('Customer Data'!A2:A16) -> 0.53333333 | J7: Early tenure vulnerability: Average tenure of churned customers is only 7.0 months vs. 29.1 months for retained customers.
B8: Total Monthly Revenue | C8: =SUM('Customer Data'!F2:F16) -> 1269.85 | E8: Payment Method | F8: Total Count | G8: Churned Count | H8: Revenue at Risk
B9: Monthly Revenue at Risk | C9: =SUMIF('Customer Data'!K2:K16, "Yes", 'Customer Data'!F2:F16) -> 409.93 | E9: Bank Transfer | F9: =COUNTIF('Customer Data'!J2:J16, E9) -> 3 | G9: =COUNTIFS('Customer Data'!J2:J16, E9, 'Customer Data'!K2:K16, "Yes") -> 0 | H9: =SUMIFS('Customer Data'!F2:F16, 'Customer Data'!J2:J16, E9, 'Customer Data'!K2:K16, "Yes") -> 0 | J9: Payment method risk: UPI (75% churn) and Debit Card (100% churn) exhibit the highest churn rates, whereas Bank Transfer has 0% churn.
B10: Revenue at Risk % | C10: =SUMIF('Customer Data'!K2:K16, "Yes", 'Customer Data'!F2:F16)/SUM('Customer Data'!F2:F16) -> 0.32281766 | E10: Credit Card | F10: =COUNTIF('Customer Data'!J2:J16, E10) -> 6 | G10: =COUNTIFS('Customer Data'!J2:J16, E10, 'Customer Data'!K2:K16, "Yes") -> 2 | H10: =SUMIFS('Customer Data'!F2:F16, 'Customer Data'!J2:J16, E10, 'Customer Data'!K2:K16, "Yes") -> 99.98
B11: Average Tenure (Months) | C11: =AVERAGE('Customer Data'!D2:D16) -> 18.8 | E11: Debit Card | F11: =COUNTIF('Customer Data'!J2:J16, E11) -> 2 | G11: =COUNTIFS('Customer Data'!J2:J16, E11, 'Customer Data'!K2:K16, "Yes") -> 2 | H11: =SUMIFS('Customer Data'!F2:F16, 'Customer Data'!J2:J16, E11, 'Customer Data'!K2:K16, "Yes") -> 159.98
B12: Avg Tenure (Churned) | C12: =AVERAGEIF('Customer Data'!K2:K16, "Yes", 'Customer Data'!D2:D16) -> 7 | E12: UPI | F12: =COUNTIF('Customer Data'!J2:J16, E12) -> 4 | G12: =COUNTIFS('Customer Data'!J2:J16, E12, 'Customer Data'!K2:K16, "Yes") -> 3 | H12: =SUMIFS('Customer Data'!F2:F16, 'Customer Data'!J2:J16, E12, 'Customer Data'!K2:K16, "Yes") -> 149.97
B13: Avg Tenure (Retained) | C13: =AVERAGEIF('Customer Data'!K2:K16, "No", 'Customer Data'!D2:D16) -> 29.125
E14: Subscription Type | F14: Total Count | G14: Churned Count | H14: Revenue at Risk
E15: Basic | F15: =COUNTIF('Customer Data'!E2:E16, E15) -> 7 | G15: =COUNTIFS('Customer Data'!E2:E16, E15, 'Customer Data'!K2:K16, "Yes") -> 5 | H15: =SUMIFS('Customer Data'!F2:F16, 'Customer Data'!E2:E16, E15, 'Customer Data'!K2:K16, "Yes") -> 249.95
E16: Pro | F16: =COUNTIF('Customer Data'!E2:E16, E16) -> 4 | G16: =COUNTIFS('Customer Data'!E2:E16, E16, 'Customer Data'!K2:K16, "Yes") -> 2 | H16: =SUMIFS('Customer Data'!F2:F16, 'Customer Data'!E2:E16, E16, 'Customer Data'!K2:K16, "Yes") -> 159.98
E17: Enterprise | F17: =COUNTIF('Customer Data'!E2:E16, E17) -> 4 | G17: =COUNTIFS('Customer Data'!E2:E16, E17, 'Customer Data'!K2:K16, "Yes") -> 0 | H17: =SUMIFS('Customer Data'!F2:F16, 'Customer Data'!E2:E16, E17, 'Customer Data'!K2:K16, "Yes") -> 0
E19: Tickets | F19: Total Count | G19: Churned Count
E20: 0 | F20: =COUNTIF('Customer Data'!I2:I16, E20) -> 2 | G20: =COUNTIFS('Customer Data'!I2:I16, E20, 'Customer Data'!K2:K16, "Yes") -> 0
E21: 1 | F21: =COUNTIF('Customer Data'!I2:I16, E21) -> 4 | G21: =COUNTIFS('Customer Data'!I2:I16, E21, 'Customer Data'!K2:K16, "Yes") -> 0
E22: 2 | F22: =COUNTIF('Customer Data'!I2:I16, E22) -> 2 | G22: =COUNTIFS('Customer Data'!I2:I16, E22, 'Customer Data'!K2:K16, "Yes") -> 0
E23: 3 | F23: =COUNTIF('Customer Data'!I2:I16, E23) -> 2 | G23: =COUNTIFS('Customer Data'!I2:I16, E23, 'Customer Data'!K2:K16, "Yes") -> 2
E24: 4 | F24: =COUNTIF('Customer Data'!I2:I16, E24) -> 2 | G24: =COUNTIFS('Customer Data'!I2:I16, E24, 'Customer Data'!K2:K16, "Yes") -> 2
E25: 5 | F25: =COUNTIF('Customer Data'!I2:I16, E25) -> 2 | G25: =COUNTIFS('Customer Data'!I2:I16, E25, 'Customer Data'!K2:K16, "Yes") -> 2
E26: 6 | F26: =COUNTIF('Customer Data'!I2:I16, E26) -> 1 | G26: =COUNTIFS('Customer Data'!I2:I16, E26, 'Customer Data'!K2:K16, "Yes") -> 1

Sheet Customer Data
A1: CustomerID | B1: Gender | C1: Age | D1: TenureMonths | E1: SubscriptionType | F1: MonthlyCharges | G1: TotalCharges | H1: ContractType | I1: SupportTickets | J1: PaymentMethod | K1: Churn | L1: Tenure Bracket | M1: Churn Flag | N1: Annualized Revenue
A2: CUST-1001 | B2: Female | C2: 34 | D2: 12 | E2: Basic | F2: 49.99 | G2: 599.88 | H2: Month-to-Month | I2: 3 | J2: Credit Card | K2: Yes | L2: =IFS(D2<=6, "0-6 Months (Early)", D2<=12, "7-12 Months (Developing)", D2<=24, "13-24 Months (Established)", D2>24, "24+ Months (Loyal)") -> 7-12 Months (Developing) | M2: =IF(K2="Yes", 1, 0) -> 1 | N2: =F2*12 -> 599.88
A3: CUST-1002 | B3: Male | C3: 45 | D3: 24 | E3: Pro | F3: 79.99 | G3: 1919.76 | H3: One Year | I3: 1 | J3: Bank Transfer | K3: No | L3: =IFS(D3<=6, "0-6 Months (Early)", D3<=12, "7-12 Months (Developing)", D3<=24, "13-24 Months (Established)", D3>24, "24+ Months (Loyal)") -> 13-24 Months (Established) | M3: =IF(K3="Yes", 1, 0) -> 0 | N3: =F3*12 -> 959.88
A4: CUST-1003 | B4: Female | C4: 29 | D4: 6 | E4: Basic | F4: 49.99 | G4: 299.94 | H4: Month-to-Month | I4: 5 | J4: UPI | K4: Yes | L4: =IFS(D4<=6, "0-6 Months (Early)", D4<=12, "7-12 Months (Developing)", D4<=24, "13-24 Months (Established)", D4>24, "24+ Months (Loyal)") -> 0-6 Months (Early) | M4: =IF(K4="Yes", 1, 0) -> 1 | N4: =F4*12 -> 599.88
A5: CUST-1004 | B5: Male | C5: 52 | D5: 36 | E5: Enterprise | F5: 149.99 | G5: 5399.64 | H5: Two Year | I5: 0 | J5: Credit Card | K5: No | L5: =IFS(D5<=6, "0-6 Months (Early)", D5<=12, "7-12 Months (Developing)", D5<=24, "13-24 Months (Established)", D5>24, "24+ Months (Loyal)") -> 24+ Months (Loyal) | M5: =IF(K5="Yes", 1, 0) -> 0 | N5: =F5*12 -> 1799.88
A6: CUST-1005 | B6: Female | C6: 41 | D6: 8 | E6: Pro | F6: 79.99 | G6: 639.92 | H6: Month-to-Month | I6: 4 | J6: Debit Card | K6: Yes | L6: =IFS(D6<=6, "0-6 Months (Early)", D6<=12, "7-12 Months (Developing)", D6<=24, "13-24 Months (Established)", D6>24, "24+ Months (Loyal)") -> 7-12 Months (Developing) | M6: =IF(K6="Yes", 1, 0) -> 1 | N6: =F6*12 -> 959.88
A7: CUST-1006 | B7: Male | C7: 31 | D7: 18 | E7: Basic | F7: 49.99 | G7: 899.82 | H7: One Year | I7: 2 | J7: UPI | K7: No | L7: =IFS(D7<=6, "0-6 Months (Early)", D7<=12, "7-12 Months (Developing)", D7<=24, "13-24 Months (Established)", D7>24, "24+ Months (Loyal)") -> 13-24 Months (Established) | M7: =IF(K7="Yes", 1, 0) -> 0 | N7: =F7*12 -> 599.88
A8: CUST-1007 | B8: Female | C8: 23 | D8: 3 | E8: Basic | F8: 49.99 | G8: 149.97 | H8: Month-to-Month | I8: 6 | J8: Credit Card | K8: Yes | L8: =IFS(D8<=6, "0-6 Months (Early)", D8<=12, "7-12 Months (Developing)", D8<=24, "13-24 Months (Established)", D8>24, "24+ Months (Loyal)") -> 0-6 Months (Early) | M8: =IF(K8="Yes", 1, 0) -> 1 | N8: =F8*12 -> 599.88
A9: CUST-1008 | B9: Male | C9: 60 | D9: 48 | E9: Enterprise | F9: 149.99 | G9: 7199.52 | H9: Two Year | I9: 1 | J9: Bank Transfer | K9: No | L9: =IFS(D9<=6, "0-6 Months (Early)", D9<=12, "7-12 Months (Developing)", D9<=24, "13-24 Months (Established)", D9>24, "24+ Months (Loyal)") -> 24+ Months (Loyal) | M9: =IF(K9="Yes", 1, 0) -> 0 | N9: =F9*12 -> 1799.88
A10: CUST-1009 | B10: Female | C10: 38 | D10: 15 | E10: Pro | F10: 79.99 | G10: 1199.85 | H10: One Year | I10: 2 | J10: Credit Card | K10: No | L10: =IFS(D10<=6, "0-6 Months (Early)", D10<=12, "7-12 Months (Developing)", D10<=24, "13-24 Months (Established)", D10>24, "24+ Months (Loyal)") -> 13-24 Months (Established) | M10: =IF(K10="Yes", 1, 0) -> 0 | N10: =F10*12 -> 959.88
A11: CUST-1010 | B11: Male | C11: 27 | D11: 4 | E11: Basic | F11: 49.99 | G11: 199.96 | H11: Month-to-Month | I11: 4 | J11: UPI | K11: Yes | L11: =IFS(D11<=6, "0-6 Months (Early)", D11<=12, "7-12 Months (Developing)", D11<=24, "13-24 Months (Established)", D11>24, "24+ Months (Loyal)") -> 0-6 Months (Early) | M11: =IF(K11="Yes", 1, 0) -> 1 | N11: =F11*12 -> 599.88
A12: CUST-1011 | B12: Female | C12: 49 | D12: 30 | E12: Enterprise | F12: 149.99 | G12: 4499.7 | H12: Two Year | I12: 0 | J12: Credit Card | K12: No | L12: =IFS(D12<=6, "0-6 Months (Early)", D12<=12, "7-12 Months (Developing)", D12<=24, "13-24 Months (Established)", D12>24, "24+ Months (Loyal)") -> 24+ Months (Loyal) | M12: =IF(K12="Yes", 1, 0) -> 0 | N12: =F12*12 -> 1799.88
A13: CUST-1012 | B13: Male | C13: 33 | D13: 14 | E13: Pro | F13: 79.99 | G13: 1119.86 | H13: Month-to-Month | I13: 3 | J13: Debit Card | K13: Yes | L13: =IFS(D13<=6, "0-6 Months (Early)", D13<=12, "7-12 Months (Developing)", D13<=24, "13-24 Months (Established)", D13>24, "24+ Months (Loyal)") -> 13-24 Months (Established) | M13: =IF(K13="Yes", 1, 0) -> 1 | N13: =F13*12 -> 959.88
... A16: CUST-1015 | B16: Female | C16: 43 | D16: 40 | E16: Enterprise | F16: 149.99 | G16: 5999.6 | H16: Two Year | I16: 1 | J16: Credit Card | K16: No | L16: =IFS(D16<=6, "0-6 Months (Early)", D16<=12, "7-12 Months (Developing)", D16<=24, "13-24 Months (Established)", D16>24, "24+ Months (Loyal)") -> 24+ Months (Loyal) | M16: =IF(K16="Yes", 1, 0) -> 0 | N16: =F16*12 -> 1799.88
